{"cameraMode":{"drawMode":0,"name":"Shaded","section":"Shading Mode"},"sceneLighting":false,"audioPlay":false,"sceneViewState":{"m_AlwaysRefresh":false,"showFog":true,"showSkybox":false,"showFlares":true,"showImageEffects":true,"showParticleSystems":true,"showVisualEffectGraphs":true,"m_FxEnabled":true},"in2DMode":false,"pivot":{"x":10.124638557434082,"y":5.650000095367432,"z":-13.134479522705079},"rotation":{"x":0.019256258383393289,"y":-0.8911269307136536,"z":0.037983257323503497,"w":0.45176082849502566},"size":1.84463369846344,"orthographic":false}