{"cameraMode":{"drawMode":0,"name":"Shaded","section":"Shading Mode"},"sceneLighting":false,"audioPlay":false,"sceneViewState":{"m_AlwaysRefresh":false,"showFog":true,"showSkybox":false,"showFlares":true,"showImageEffects":true,"showParticleSystems":true,"showVisualEffectGraphs":true,"m_FxEnabled":true},"in2DMode":false,"pivot":{"x":0.9730510711669922,"y":4.151310920715332,"z":11.244483947753907},"rotation":{"x":0.21762369573116303,"y":-0.7801743745803833,"z":0.36129245162010195,"w":0.46383899450302126},"size":1.7189425230026246,"orthographic":false}